question,option1,option2,option3,option4,correctAnswer
¿Cuál de las siguientes acciones ahorra más agua al lavar los platos?,Lavar los platos a mano con el grifo abierto,Usar un lavavajillas eficiente,Lavar los platos a mano en un recipiente con agua,Lavar los platos con una manguera,Usar un lavavajillas eficiente
¿Cuál es una forma efectiva de reducir el consumo de agua en el jardín?,Regar el césped al mediodía,Utilizar un sistema de riego por goteo,Regar todos los días,Usar una manguera sin boquilla,Utilizar un sistema de riego por goteo
¿Qué dispositivo ayuda a reducir el consumo de agua en el inodoro?,Un tanque de mayor capacidad,Un aireador de grifo,Un inodoro de bajo flujo,Una bomba de agua,Un inodoro de bajo flujo
¿Cuánto tiempo se recomienda para una ducha rápida para ahorrar agua?,20 minutos,15 minutos,10 minutos,5 minutos,5 minutos
¿Cómo afecta la deforestación al ciclo del agua?,Aumenta la evaporación,Disminuye la transpiración,Aumenta la infiltración,Disminuye la escorrentía,Disminuye la transpiración
¿Por qué es importante evitar la contaminación de fuentes de agua?,Para reducir el costo del agua embotellada,Para proteger la vida silvestre y los ecosistemas acuáticos,Para aumentar la evaporación,Para aumentar el caudal de los ríos,Para proteger la vida silvestre y los ecosistemas acuáticos
¿Qué tecnología permite reutilizar las aguas residuales tratadas?,Desalinización,Reciclaje de aguas grises,Sistemas de ósmosis inversa,Tanques de almacenamiento,Reciclaje de aguas grises
¿Cuál es una de las principales ventajas de la desalinización del agua de mar?,Reduce la cantidad de agua en los océanos,Proporciona una fuente constante de agua potable,Aumenta la salinidad del agua dulce,Reduce el consumo de energía,Proporciona una fuente constante de agua potable
¿Cuál es una práctica sostenible para el uso del agua en la agricultura?,Riego por aspersión durante todo el día,Cultivar plantas no nativas que requieren mucha agua,Implementar técnicas de captación de agua de lluvia,Arar los campos con frecuencia,Implementar técnicas de captación de agua de lluvia
¿Cuál de las siguientes es una estrategia eficaz para conservar agua en el sector hotelero?,Lavar las toallas y sábanas de los huéspedes todos los días.,Implementar programas de reutilización de toallas y sábanas.,Llenar las piscinas de los hoteles diariamente.,Mantener grifos y duchas con alta presión de agua.,Implementar programas de reutilización de toallas y sábanas.
¿Qué acción personal puede ayudar a reducir el desperdicio de agua?,Lavar el coche cada día,Reparar fugas de grifos y tuberías,Dejar el agua corriendo mientras se lava los dientes,Usar una manguera para barrer la acera,Reparar fugas de grifos y tuberías
¿Cuál es una manera efectiva de reducir el uso de agua al lavar ropa?,Lavar ropa todos los días,Usar solo cargas completas en la lavadora,Lavar cada prenda por separado,Lavar cada dos días la ropa,Usar solo cargas completas en la lavadora
¿Qué tipo de grifo ayuda a conservar más agua?,Grifo sin aireador,Grifo de alto flujo,Grifo con aireador de baja presión,Grifo con filtro de carbón,Grifo con aireador de baja presión
¿Qué medida puede tomar una comunidad para fomentar el ahorro de agua?,Promover el uso de piscinas privadas.,Organizar campañas de concienciación sobre el uso eficiente del agua.,Incentivar la construcción de campos de golf.,Instalar sistemas de riego tradicionales en parques públicos.,
¿Cuál es un beneficio directo de reducir el consumo de agua en el hogar?,Aumenta la presión del agua en las tuberías,Reduce la factura de agua y energía,Mejora la calidad del agua potable,Incrementa la disponibilidad de agua para actividades recreativas,Reduce la factura de agua y energía
¿Por qué es importante arreglar las fugas de agua rápidamente?,Para mejorar la decoración del hogar,Para evitar daños estructurales y desperdicio de agua,Para aumentar la presión del agua,Para reducir el ruido en las tuberías,Para evitar daños estructurales y desperdicio de agua
¿Cómo pueden los niños ayudar a conservar agua en el hogar?,Dejando el grifo abierto mientras se cepillan los dientes,Informando a los adultos sobre cualquier fuga que noten,Usando más agua para juegos al aire libre,Tomando baños largos en lugar de duchas rápidas,Informando a los adultos sobre cualquier fuga que noten
¿Cuál de las siguientes iniciativas puede ayudar a una escuela a conservar agua durante eventos deportivos?,Usar agua potable para regar los campos deportivos.,Instalar sistemas de captación de agua de lluvia para el riego de campos deportivos.,Regar los campos deportivos varias veces al día.,No monitorear el uso de agua durante los eventos deportivos.,Instalar sistemas de captación de agua de lluvia para el riego de campos deportivos.
¿Qué acción comunitaria puede ayudar a la conservación del agua?,Organizar eventos de lavado de coches al aire libre,Crear programas de reciclaje de agua de lluvia,Usar pesticidas químicos en los jardines,Aumentar el uso de piscinas públicas,Crear programas de reciclaje de agua de lluvia
¿Qué tecnología doméstica puede ayudar a conservar agua?,Grifos sin sensores,Inodoros de bajo flujo,Duchas con cabezales de alto flujo,Lavadoras antiguas de alta capacidad,Inodoros de bajo flujo
¿Cuántos litros de agua se estima que se necesita para producir un kilogramo de carne de res?,500 litros,1000 litros,2500 litros,5000 litros,2500 litros
¿Qué práctica puede implementar una escuela para reducir el consumo de agua en sus áreas verdes?,Regar los jardines durante las horas más calurosas del día.,Instalar un sistema de riego automatizado que funcione de noche o temprano en la mañana.,Utilizar mangueras sin boquilla para regar las plantas.,Plantar césped en todas las áreas exteriores de la escuela.,Instalar un sistema de riego automatizado que funcione de noche o temprano en la mañana.
¿Qué porcentaje del agua en la Tierra es potable y accesible para el consumo humano?,Menos del 1%,Alrededor del 20%,Más del 50%,Más del 90%,Menos del 1%
¿Cuál es una forma efectiva de ahorrar agua en la cocina de una escuela?,Lavar los utensilios de cocina uno por uno bajo el grifo.,Utilizar lavavajillas de alta eficiencia solo cuando están llenos.,Enjuagar los platos antes de ponerlos en el lavavajillas.,Usar agua caliente para todo el lavado de platos.,Utilizar lavavajillas de alta eficiencia solo cuando están llenos.
¿Cuál es la ciudad más húmeda del mundo en términos de precipitación anual?,"Cherrapunji, India","Seattle, Estados Unidos","Singapur, Singapur","Bergen, Noruega","Cherrapunji, India"
¿Cuál es el país con la mayor cantidad de agua dulce en reservas subterráneas?,Brasil,Rusia,Canadá,China,Canadá
¿Qué porcentaje de la población mundial no tiene acceso a agua potable mejorada cerca de sus hogares?,Menos del 10%,Alrededor del 25%,Cerca del 40%,Más del 50%,Más del 50%
¿Cuál es la causa de escasez de agua en muchas regiones del mundo?,Contaminación del agua,Cambio climático,Uso excesivo en la agricultura,Todas las anteriores,Todas las anteriores
"¿Quién es considerado el ""padre"" de la moderna gestión del agua y la conservación?",Rachel Carson,Jane Goodall,David Attenborough,John Wesley Powell,John Wesley Powell
¿Qué científico descubrió la estructura de la molécula de agua?,Albert Einstein,Isaac Newton,Rosalind Franklin,Linus Pauling,Linus Pauling
¿Qué acción puede ayudar a una empresa a conservar agua en sus instalaciones sanitarias?,No reparar las fugas de agua inmediatamente.,Instalar urinarios sin agua o de bajo consumo.,Usar inodoros tradicionales que consumen más agua.,Limpiar los sanitarios con grandes cantidades de agua.,Instalar urinarios sin agua o de bajo consumo.
¿Cuál es una forma eficiente de ahorrar agua en el paisajismo de las instalaciones de una empresa?,Regar los jardines durante el mediodía.,Utilizar plantas nativas y resistentes a la sequía.,Instalar fuentes de agua ornamentales.,Mantener céspedes extensos y regarlos diariamente.,Utilizar plantas nativas y resistentes a la sequía.
¿Cuál es la forma más genial de ahorrar agua mientras te lavas los dientes?,Dejar el grifo abierto todo el tiempo,Usar una manguera,Cerrar el grifo mientras te cepillas,Usar una piscina,Cerrar el grifo mientras te cepillas
¿Qué puedes usar para recoger agua de lluvia y regar las plantas?,Un cubo de pintura,Un paraguas,Un barril de lluvia,Un sombrero,Un barril de lluvia
¿Cuál de estos héroes del agua es conocido por construir represas y salvar agua?,Batman,Spiderman,Castor,Superman,Castor
¿Qué medida puede tomar una empresa para reducir el consumo de agua en sus procesos de manufactura?,No monitorear el uso de agua en la producción.,Implementar procesos de reciclaje de agua.,Usar agua potable para todos los procesos de limpieza.,Mantener las máquinas funcionando continuamente con agua.,Implementar procesos de reciclaje de agua.
¿Qué animal pequeño y verde ayuda a mantener los estanques limpios comiendo insectos?,Dragón,Rana,Dinosaurio,León,Rana
¿Cuál es la mejor manera de ahorrar agua cuando lavas los platos?,Usar un grifo abierto,Lavar un plato a la vez,Llenar un fregadero con agua y lavar todos los platos de una vez,Usar una manguera en el jardín,Llenar un fregadero con agua y lavar todos los platos de una vez
¿Qué superpoder podrias tener para ayudar a ahorrar agua?,Poder volar,Super velocidad para cerrar el grifo rápido,Invisibilidad,Super fuerza para romper tuberías,Super velocidad para cerrar el grifo rápido
¿Qué podrías hacer para ahorrar agua mientras te duchas?,Cantar tus canciones favoritas todo el tiempo,Tomar duchas de 5 minutos o menos,Dejar la ducha corriendo cuando no la usas,Invitar a todos tus amigos a ducharse contigo,Tomar duchas de 5 minutos o menos
¿Qué es lo más loco que puedes hacer para ahorrar agua en casa?,Usar agua de tu pecera para regar plantas,Llenar la bañera hasta arriba todos los días,Lavar tu bicicleta en el río,Construir una piscina en tu sala,Usar agua de tu pecera para regar plantas
¿Cuál es la mejor hora para regar el jardín y ahorrar agua?,"A la mitad del día, cuando hace más calor","Durante la noche, cuando nadie puede ver",Temprano en la mañana o al atardecer,En cualquier momento que quieras,Temprano en la mañana o al atardecer
¿Cómo puedes convertirte en un héroe del agua en tu escuela?,Dejando los grifos abiertos en los baños,Informando a un maestro si ves un grifo goteando,Usando el agua de la fuente para hacer juegos de agua,Organizando una guerra de globos de agua todos los días,Informando a un maestro si ves un grifo goteando
¿Qué acción puede ayudar a una granja avícola a conservar agua durante la alimentación de las aves?,No monitorear el consumo de agua en los comederos.,Instalar sistemas de alimentación que minimicen el desperdicio de agua.,Usar bebederos abiertos que permitan el derrame.,No cambiar el agua de los bebederos regularmente.,Instalar sistemas de alimentación que minimicen el desperdicio de agua.
¿Cuál es la forma más divertida de recoger agua para regar las plantas?,Usar una manguera,Bailar bajo la lluvia con un balde ,Dejar el grifo abierto todo el día,Usar agua del mar,Bailar bajo la lluvia con un balde 
¿Qué puedes hacer para ahorrar agua en una pelea de globos de agua?,Usar globos enormes,Usar globos de agua pequeños y reutilizarlos,Llenar una piscina con globos de agua,Usar una manguera para llenar los globos,Usar globos de agua pequeños y reutilizarlos
¿Qué súper herramienta puedes usar para ahorrar agua en el jardín?,Una escoba mágica,Un aspersor inteligente,Una manguera gigante,Una regadera rota,Un aspersor inteligente
¿Qué medida puede tomar una granja avícola para conservar agua durante la limpieza de las instalaciones?,Limpiar los gallineros con grandes cantidades de agua.,Usar sistemas de limpieza a presión con boquillas de bajo consumo.,Dejar el agua corriendo durante todo el proceso de limpieza.,Limpiar las instalaciones solo una vez al mes.,Usar sistemas de limpieza a presión con boquillas de bajo consumo.
¿Qué animal se considera un héroe del agua por su habilidad para nadar y limpiar los océanos?,Gato,Delfín,Oso polar,Elefante,Delfín
¿Cuál es una manera divertida de reutilizar agua en casa?,Usar agua de lluvia para llenar globos de agua,Dejar el grifo abierto para llenar la bañera,Usar agua embotellada para lavar el coche,Tirar el agua después de lavar los vegetales,Usar agua de lluvia para llenar globos de agua
¿Qué invento mágico ayuda a los jardines a mantenerse verdes sin desperdiciar agua?,Un unicornio que riega las plantas,Un sistema de riego por goteo,Un dragón que lanza agua,Un grifo siempre abierto,Un sistema de riego por goteo
¿Cuál de estos héroes del agua puede almacenar mucha agua en su joroba para usarla en el desierto?,Camello,Tigre,Tortuga,Pingüino,Camello
¿Cuál es la forma más genial de ayudar a tu comunidad a ahorrar agua?,Dejar las mangueras abiertas en los parques,Organizar una campaña para reparar fugas en los grifos públicos,Regar las calles con mangueras,Lavar todos los coches del vecindario,Organizar una campaña para reparar fugas en los grifos públicos
¿Qué puedes hacer con el agua que sobra después de hervir vegetales?,Tirarla por el desagüe,Usarla para regar las plantas,Usarla para lavar los platos,Dejarla en la olla para siempre,Usarla para regar las plantas
¿Qué medida puede tomar una comunidad para prepararse mejor ante un período de escasez de agua debido al cambio climático?,Aumentar el uso de agua potable en actividades recreativas.,Implementar programas de recolección de agua de lluvia.,Ignorar las recomendaciones de conservación de agua.,Depender exclusivamente de fuentes de agua subterránea.,Implementar programas de recolección de agua de lluvia.
¿Cuál de estas actividades usa menos agua?,Tomar un baño largo,Lavar el coche con una manguera,Usar una ducha rápida de 5 minutos,Llenar una piscina todos los días,Usar una ducha rápida de 5 minutos
¿Qué tipo de suelo ayuda a conservar el agua en el jardín?,Suelo arenoso,Suelo de arcilla,Suelo cubierto con mantillo,Suelo lleno de piedras,Suelo cubierto con mantillo
¿Cuál de las siguientes estrategias puede ayudar a reducir el consumo de agua en áreas afectadas por el cambio climático?,Incentivar el uso de electrodomésticos de alto consumo de agua.,Implementar políticas de uso eficiente del agua en todos los sectores.,"Promover el uso de agua potable para todas las necesidades, sin restricciones.",Ignorar las prácticas de conservación de agua durante períodos de lluvia.,Implementar políticas de uso eficiente del agua en todos los sectores.
¿Cuál de estos personajes de dibujos animados probablemente sea un buen ejemplo de ahorro de agua?,Bob Esponja,"Ariel, la Sirenita",Capitán Planeta,El Hombre de Hojalata,Capitán Planeta
¿Qué puedes hacer con el agua de tu botella si ya no tienes sed?,Tirarla por el desagüe,Usarla para limpiar tu bicicleta,Regar una planta cercana,Dejarla en la botella para siempre,Regar una planta cercana
¿Cuál es la mejor forma de ahorrar agua mientras lavas un coche?,Usar una manguera con el grifo abierto todo el tiempo,Usar un balde y una esponja,Usar una manguera de alta presión,Ir a un lavadero de carros diario,Usar un balde y una esponja
¿Qué puedes hacer para asegurarte de no usar demasiada agua en el jardín?,"Regar el jardín todos los días, incluso si llueve",Usar un sistema de riego automático que se apaga cuando llueve,Regar el jardín al mediodía cuando hace más calor,Usar una manguera sin boquilla,Usar un sistema de riego automático que se apaga cuando llueve
¿Cuál de estos lugares usa más agua al día?,Una escuela,Un parque de atracciones acuáticas,Un pequeño jardín,Una tienda de ropa,Un parque de atracciones acuáticas
¿Qué aparato en la cocina puede ayudarte a ahorrar agua?,Un lavavajillas eficiente,Un grifo sin aireador,Una nevera con dispensador de agua,Una cafetera,Un lavavajillas eficiente
¿Qué actividad puedes hacer en casa para reutilizar el agua de lluvia?,Construir un barco de papel y hacerlo flotar en charcos,Recolectar agua de lluvia en un recipiente para regar plantas,Tirar piedras al agua en un lago,Navegar en un pequeño bote inflable en una piscina,Recolectar agua de lluvia en un recipiente para regar plantas
¿Cuál de las siguientes prácticas es más efectiva para reducir el consumo de agua en un autolavado?,Usar una manguera sin boquilla para lavar los autos.,Implementar un sistema de reciclaje de agua.,Lavar los autos a mano sin controlar el flujo de agua.,Dejar el agua corriendo continuamente mientras se limpia el auto,Implementar un sistema de reciclaje de agua.
¿Qué medida puede tomar un autolavado para conservar agua durante el proceso de lavado?,Usar máquinas de lavado a presión con boquillas de bajo consumo.,Lavar los autos con grandes cantidades de agua sin restricción.,Enjuagar los autos manualmente sin detener el agua.,Usar agua potable para todas las etapas del lavado.,Usar máquinas de lavado a presión con boquillas de bajo consumo.
¿Qué acción puede ayudar a un autolavado a conservar agua durante su operación diaria?,Dejar el agua corriendo en todas las estaciones de lavado sin parar.,Implementar un sistema de control de agua que apaga el flujo automáticamente.,Usar mangueras de alta presión sin reguladores.,No monitorear el uso de agua en el autolavado.,Implementar un sistema de control de agua que apaga el flujo automáticamente.
¿Cuál de las siguientes estrategias puede ayudar a un autolavado a reducir su impacto ambiental y consumo de agua?,Usar productos de limpieza biodegradables y de bajo consumo de agua.,Lavar los autos continuamente sin importar la cantidad de agua utilizada.,No preocuparse por el reciclaje del agua usada.,Usar agua potable para todas las necesidades de lavado y limpieza.,Usar productos de limpieza biodegradables y de bajo consumo de agua.
¿Qué ave puede nadar y bucear en el agua para pescar y tiene un característico plumaje negro y blanco?,Pingüino,Pato,Avestruz,Garza,Pato
¿Qué es lo que llamamos el proceso en el que el agua se convierte en vapor y se eleva hacia el cielo?,Lluvia,Evaporación,Inundación,Congelación,Evaporación
¿Qué porcentaje aproximado del planeta Tierra está cubierto por agua? ,50%,70%,90%,80%,70%
¿Qué acción puede tomar una comunidad para promover el ahorro de agua?, No educar a sus miembros sobre el uso eficiente del agua.,Implementar programas de reutilización de aguas grises.,Fomentar el uso excesivo de agua en parques y jardines públicos.,No mantener las instalaciones hidráulicas.,Implementar programas de reutilización de aguas grises.
